source,target,Subs,SuperType,Color
Person,kko.Persons,2,Persons,#B22C8E
PersonTypes,kko.Persons,2,Persons,#B22C8E
GeopoliticalEntity,kko.Geopolitical,2,Geopolitical,#A92395
GeopoliticalRivalry,kko.Geopolitical,2,Geopolitical,#A92395
Action,kko.ActionTypes,2,ActionTypes,#F58D45
Perceiving,kko.ActionTypes,2,ActionTypes,#F58D45
Media,kko.Denotatives,2,Denotatives,#ED7B51
Label_IBO,kko.Denotatives,2,Denotatives,#ED7B51
FungusBLO,kko.ProtistsFungus,3,ProtistsFungus,#C5407D
ProtistBLO,kko.ProtistsFungus,3,ProtistsFungus,#C5407D
Oomycota,kko.ProtistsFungus,3,ProtistsFungus,#C5407D
FieldOfStudy,kko.KnowledgeDomains,3,KnowledgeDomains,#15068A
AcademicDepartmentTypeBySubject,kko.KnowledgeDomains,3,KnowledgeDomains,#15068A
ScienceAndNature_Topic,kko.KnowledgeDomains,3,KnowledgeDomains,#15068A
Bacteria,kko.Prokaryotes,3,Prokaryotes,#CC4876
ProkaryoticCell,kko.Prokaryotes,3,Prokaryotes,#CC4876
ProkaryoticCellWall,kko.Prokaryotes,3,Prokaryotes,#CC4876
Equivalences,kko.DirectRelations,3,DirectRelations,#F8963F
Parts,kko.DirectRelations,3,DirectRelations,#F8963F
Descendant,kko.DirectRelations,3,DirectRelations,#F8963F
Configuration,kko.IntrinsicAttributes,3,IntrinsicAttributes,#FCAC32
Quality,kko.IntrinsicAttributes,3,IntrinsicAttributes,#FCAC32
Elementals,kko.IntrinsicAttributes,3,IntrinsicAttributes,#FCAC32
Identifier,kko.Indexes,3,Indexes,#EB7654
Pointers,kko.Indexes,3,Indexes,#EB7654
Codes,kko.Indexes,3,Indexes,#EB7654
Event,kko.EventTypes,3,EventTypes,#F8DF24
DurativeEventType,kko.EventTypes,3,EventTypes,#F8DF24
RepeatedEventType,kko.EventTypes,3,EventTypes,#F8DF24
Situants,kko.ContextualAttributes,3,ContextualAttributes,#FBA238
Classification,kko.ContextualAttributes,3,ContextualAttributes,#FBA238
TimeAttributes,kko.ContextualAttributes,3,ContextualAttributes,#FBA238
Quantity,kko.AdjunctualAttributes,3,AdjunctualAttributes,#FCA635
Extrinsics,kko.AdjunctualAttributes,3,AdjunctualAttributes,#FCA635
Eventuals,kko.AdjunctualAttributes,3,AdjunctualAttributes,#FCA635
kko.ActionTypes,kko.CopulativeRelations,4,CopulativeRelations,#F79241
AudioConceptualWork,kko.AudioInfo,4,AudioInfo,#9713A0
RecordedIBO,kko.AudioInfo,4,AudioInfo,#9713A0
Sound,kko.AudioInfo,4,AudioInfo,#9713A0
Music,kko.AudioInfo,4,AudioInfo,#9713A0
LiveAnimal,kko.Animals,4,Animals,#BD3784
AnimalBLO,kko.Animals,4,Animals,#BD3784
AnimalTypes,kko.Animals,4,Animals,#BD3784
OrganSystem,kko.Animals,4,Animals,#BD3784
PublicPlace,kko.LocationPlace,4,LocationPlace,#FDC128
Place_NonAgent,kko.LocationPlace,4,LocationPlace,#FDC128
GeographicalAgent,kko.LocationPlace,4,LocationPlace,#FDC128
HauntedThing,kko.LocationPlace,4,LocationPlace,#FDC128
Region,kko.AreaRegion,4,AreaRegion,#FCC726
FreeSpaceContent,kko.AreaRegion,4,AreaRegion,#FCC726
CavityInterior_Generic,kko.AreaRegion,4,AreaRegion,#FCC726
GeographicalArea_Intangible,kko.AreaRegion,4,AreaRegion,#FCC726
Relateds,kko.Associatives,4,Associatives,#E97257
Lists,kko.Associatives,4,Associatives,#E97257
Augments,kko.Associatives,4,Associatives,#E97257
Metadata,kko.Associatives,4,Associatives,#E97257
Conjoins,kko.CopulativeRelations,4,CopulativeRelations,#F79241
Typings,kko.CopulativeRelations,4,CopulativeRelations,#F79241
kko.SituationTypes,kko.MediativeRelations,5,MediativeRelations,#F48947
kko.EventTypes,kko.TimeTypes,5,TimeTypes,#F4EA26
kko.Times,kko.TimeTypes,5,TimeTypes,#F4EA26
PlantBLO,kko.Plants,5,Plants,#C13C80
PlantProduct,kko.Plants,5,Plants,#C13C80
Algae,kko.Plants,5,Plants,#C13C80
FloricultureSilvicultureProduct,kko.Plants,5,Plants,#C13C80
SeedBulbSeedlingCutting,kko.Plants,5,Plants,#C13C80
Learning,kko.LearningProcesses,5,LearningProcesses,#40039C
LearnedActivityType,kko.LearningProcesses,5,LearningProcesses,#40039C
InformationProcess,kko.LearningProcesses,5,LearningProcesses,#40039C
MemoryProcess,kko.LearningProcesses,5,LearningProcesses,#40039C
Reading,kko.LearningProcesses,5,LearningProcesses,#40039C
LinguisticObject,kko.WrittenInfo,5,WrittenInfo,#8E0CA4
TextualExpression,kko.WrittenInfo,5,WrittenInfo,#8E0CA4
WrittenMediaProduct,kko.WrittenInfo,5,WrittenInfo,#8E0CA4
TextualMaterial,kko.WrittenInfo,5,WrittenInfo,#8E0CA4
SystemOfWrittenMaterials,kko.WrittenInfo,5,WrittenInfo,#8E0CA4
Situation,kko.SituationTypes,5,SituationTypes,#F2844B
Circumstances,kko.SituationTypes,5,SituationTypes,#F2844B
ProblemSolvingSituation,kko.SituationTypes,5,SituationTypes,#F2844B
SomeSituationAlternating,kko.SituationTypes,5,SituationTypes,#F2844B
Scenario,kko.SituationTypes,5,SituationTypes,#F2844B
DrugSubstance,kko.Drugs,5,Drugs,#7901A8
PharmacyProductType,kko.Drugs,5,Drugs,#7901A8
PharmaceuticalProduct,kko.Drugs,5,Drugs,#7901A8
DrugRelatedCompound,kko.Drugs,5,Drugs,#7901A8
Placebo,kko.Drugs,5,Drugs,#7901A8
BiologicalProcess,kko.BiologicalProcesses,5,BiologicalProcesses,#D25070
EcologicalCycle,kko.BiologicalProcesses,5,BiologicalProcesses,#D25070
BiologicalCycle,kko.BiologicalProcesses,5,BiologicalProcesses,#D25070
BioregulatorType,kko.BiologicalProcesses,5,BiologicalProcesses,#D25070
CellularProcessType,kko.BiologicalProcesses,5,BiologicalProcesses,#D25070
AnnualOccurrence,kko.Times,5,Times,#F6E525
CalendarSystem,kko.Times,5,Times,#F6E525
TimeInterval,kko.Times,5,Times,#F6E525
TimeOfWeekType,kko.Times,5,Times,#F6E525
WeeklyTemporalObjectType,kko.Times,5,Times,#F6E525
SpatialThingTypeByShape,kko.Shapes,5,Shapes,#FBD324
GeometricallyDescribableThing,kko.Shapes,5,Shapes,#FBD324
ShapedObject,kko.Shapes,5,Shapes,#FBD324
AxisymmetricObject,kko.Shapes,5,Shapes,#FBD324
SpatialThingTypeByDimensionality,kko.Shapes,5,Shapes,#FBD324
PartiallyTangibleTypeByPhysicalFeature,kko.Forms,5,Forms,#FDBC2A
Configuration,kko.Forms,5,Forms,#FDBC2A
DispositionalQuantity,kko.Forms,5,Forms,#FDBC2A
PhysicalStructuralFeature,kko.Forms,5,Forms,#FDBC2A
Connection_Physical,kko.Forms,5,Forms,#FDBC2A
Atom,kko.AtomsElements,5,AtomsElements,#E16560
ElementStuff,kko.AtomsElements,5,AtomsElements,#E16560
SubAtomicParticle,kko.AtomsElements,5,AtomsElements,#E16560
AtomicNucleus,kko.AtomsElements,5,AtomsElements,#E16560
ElementStuffType,kko.AtomsElements,5,AtomsElements,#E16560
Competition,kko.MediativeRelations,5,MediativeRelations,#F48947
Comparisons,kko.MediativeRelations,5,MediativeRelations,#F48947
Performance,kko.MediativeRelations,5,MediativeRelations,#F48947
Time_Topic,kko.TimeTypes,5,TimeTypes,#F4EA26
kko.AudioInfo,kko.AVInfo,6,AVInfo,#9D189D
kko.VisualInfo,kko.AVInfo,6,AVInfo,#9D189D
kko.Denotatives,kko.RepresentationTypes,6,RepresentationTypes,#EF7E4E
kko.Associatives,kko.RepresentationTypes,6,RepresentationTypes,#EF7E4E
kko.Indexes,kko.RepresentationTypes,6,RepresentationTypes,#EF7E4E
kko.AdjunctualAttributes,kko.AttributeTypes,6,AttributeTypes,#FDB030
kko.ContextualAttributes,kko.AttributeTypes,6,AttributeTypes,#FDB030
kko.IntrinsicAttributes,kko.AttributeTypes,6,AttributeTypes,#FDB030
kko.RelationTypes,kko.Predications,6,Predications,#FDB62D
kko.AttributeTypes,kko.Predications,6,Predications,#FDB62D
kko.RepresentationTypes,kko.Predications,6,Predications,#FDB62D
Food,kko.FoodDrink,6,FoodDrink,#7E03A7
FoodBeverageTobaccoProduct,kko.FoodDrink,6,FoodDrink,#7E03A7
FoodOrDrink,kko.FoodDrink,6,FoodDrink,#7E03A7
Cuisine,kko.FoodDrink,6,FoodDrink,#7E03A7
FoodSource,kko.FoodDrink,6,FoodDrink,#7E03A7
FoodGroup,kko.FoodDrink,6,FoodDrink,#7E03A7
ConstructionArtifact,kko.Facilities,6,Facilities,#5E00A5
PublicWorks,kko.Facilities,6,Facilities,#5E00A5
Workplace,kko.Facilities,6,Facilities,#5E00A5
ExtraterrestrialFacility,kko.Facilities,6,Facilities,#5E00A5
FacilityComponent,kko.Facilities,6,Facilities,#5E00A5
Infrastructure,kko.Facilities,6,Facilities,#5E00A5
AVMediaProduct,kko.AVInfo,6,AVInfo,#9D189D
MovingImageWithSound,kko.AVInfo,6,AVInfo,#9D189D
kko.MediativeRelations,kko.RelationTypes,7,RelationTypes,#FA9C3B
kko.DirectRelations,kko.RelationTypes,7,RelationTypes,#FA9C3B
kko.CopulativeRelations,kko.RelationTypes,7,RelationTypes,#FA9C3B
kko.OrganicChemistry,kko.OrganicMatter,7,OrganicMatter,#D8586A
kko.Agents,kko.OrganicMatter,7,OrganicMatter,#D8586A
kko.LivingThings,kko.OrganicMatter,7,OrganicMatter,#D8586A
ChemicalGasProduct,kko.PrimarySectorProduct,7,PrimarySectorProduct,#6D00A8
MiningDrillingMachinery,kko.PrimarySectorProduct,7,PrimarySectorProduct,#6D00A8
PlasticRubberProduct,kko.PrimarySectorProduct,7,PrimarySectorProduct,#6D00A8
FarmingNaturalResourcesProduct,kko.PrimarySectorProduct,7,PrimarySectorProduct,#6D00A8
MineralOreMetalProduct,kko.PrimarySectorProduct,7,PrimarySectorProduct,#6D00A8
FuelLubricantsProduct,kko.PrimarySectorProduct,7,PrimarySectorProduct,#6D00A8
PaperMaterialProduct,kko.PrimarySectorProduct,7,PrimarySectorProduct,#6D00A8
ClassificationSystem,kko.StructuredInfo,7,StructuredInfo,#8807A5
StructuredMediaProduct,kko.StructuredInfo,7,StructuredInfo,#8807A5
GraphicalStructure,kko.StructuredInfo,7,StructuredInfo,#8807A5
AbstractInformationStructure,kko.StructuredInfo,7,StructuredInfo,#8807A5
Encrypted,kko.StructuredInfo,7,StructuredInfo,#8807A5
ComputingInformation,kko.StructuredInfo,7,StructuredInfo,#8807A5
GeneticInformation,kko.StructuredInfo,7,StructuredInfo,#8807A5
Relation,kko.RelationTypes,7,RelationTypes,#FA9C3B
OrganicMaterial,kko.OrganicMatter,7,OrganicMatter,#D8586A
kko.Society,kko.SocialSystems,8,SocialSystems,#3A049A
kko.EconomicSystems,kko.SocialSystems,8,SocialSystems,#3A049A
kko.SocialSystems,kko.Systems,8,Systems,#5701A4
kko.Methodeutic,kko.Systems,8,Systems,#5701A4
kko.ConceptualSystems,kko.Systems,8,Systems,#5701A4
kko.Forms,kko.SpaceTypes,8,SpaceTypes,#F9D924
kko.Places,kko.SpaceTypes,8,SpaceTypes,#F9D924
kko.Shapes,kko.SpaceTypes,8,SpaceTypes,#F9D924
kko.NaturalSubstances,kko.NaturalMatter,8,NaturalMatter,#E46A5D
kko.Chemistry,kko.NaturalMatter,8,NaturalMatter,#E46A5D
kko.AtomsElements,kko.NaturalMatter,8,NaturalMatter,#E46A5D
kko.TimeTypes,kko.Constituents,8,Constituents,#EFF821
kko.SpaceTypes,kko.Constituents,8,Constituents,#EFF821
kko.NaturalPhenomena,kko.Constituents,8,Constituents,#EFF821
VisualInformationBearingThing,kko.VisualInfo,8,VisualInfo,#9310A1
VisualImage,kko.VisualInfo,8,VisualInfo,#9310A1
VideoRecordedObject,kko.VisualInfo,8,VisualInfo,#9310A1
VisualWork,kko.VisualInfo,8,VisualInfo,#9310A1
SheetOfPaper,kko.VisualInfo,8,VisualInfo,#9310A1
AbstractVisualStructure,kko.VisualInfo,8,VisualInfo,#9310A1
Animation_MovingImage,kko.VisualInfo,8,VisualInfo,#9310A1
Backlit,kko.VisualInfo,8,VisualInfo,#9310A1
Organization,kko.Organizations,8,Organizations,#AE2791
Organization_UNSPSC,kko.Organizations,8,Organizations,#AE2791
OrganizationType,kko.Organizations,8,Organizations,#AE2791
Former_GeographicalAgent,kko.Organizations,8,Organizations,#AE2791
MultiIndividualAgent,kko.Organizations,8,Organizations,#AE2791
Group_IntelligentAgent,kko.Organizations,8,Organizations,#AE2791
Group_PerceptualAgent_Embodied,kko.Organizations,8,Organizations,#AE2791
Organization_Topic,kko.Organizations,8,Organizations,#AE2791
Policy,kko.SocialSystems,8,SocialSystems,#3A049A
EducationalSystem,kko.SocialSystems,8,SocialSystems,#3A049A
FormalCOC,kko.SocialSystems,8,SocialSystems,#3A049A
HumanSexualBehavior,kko.SocialSystems,8,SocialSystems,#3A049A
AstronomicalObject,kko.NaturalSubstances,8,NaturalSubstances,#DE6064
Mineral,kko.NaturalSubstances,8,NaturalSubstances,#DE6064
Water,kko.NaturalSubstances,8,NaturalSubstances,#DE6064
Metal,kko.NaturalSubstances,8,NaturalSubstances,#DE6064
LandStuff,kko.NaturalSubstances,8,NaturalSubstances,#DE6064
GaseousSubstance,kko.NaturalSubstances,8,NaturalSubstances,#DE6064
EarthenSubstance,kko.NaturalSubstances,8,NaturalSubstances,#DE6064
GammaEmitter,kko.NaturalSubstances,8,NaturalSubstances,#DE6064
System,kko.Systems,8,Systems,#5701A4
InformationSystem,kko.Systems,8,Systems,#5701A4
SpatialThing,kko.SpaceTypes,8,SpaceTypes,#F9D924
Network,kko.SpaceTypes,8,SpaceTypes,#F9D924
InorganicMaterial,kko.NaturalMatter,8,NaturalMatter,#E46A5D
ChemicalElement,kko.NaturalMatter,8,NaturalMatter,#E46A5D
Field_LogicalOrPhysical,kko.Constituents,8,Constituents,#EFF821
Capability,kko.Constituents,8,Constituents,#EFF821
kko.SecondarySectorProduct,kko.Products,9,Products,#7300A8
kko.TertiarySectorService,kko.Products,9,Products,#7300A8
kko.PrimarySectorProduct,kko.Products,9,Products,#7300A8
kko.FoodDrink,kko.Artifacts,9,Artifacts,#8405A6
kko.Facilities,kko.Artifacts,9,Artifacts,#8405A6
kko.Drugs,kko.Artifacts,9,Artifacts,#8405A6
kko.Products,kko.Artifacts,9,Artifacts,#8405A6
kko.Persons,kko.Agents,9,Agents,#B62F8B
kko.Geopolitical,kko.Agents,9,Agents,#B62F8B
kko.Organizations,kko.Agents,9,Agents,#B62F8B
kko.Information,kko.Symbolic,9,Symbolic,#A51F97
kko.Artifacts,kko.Symbolic,9,Symbolic,#A51F97
kko.Systems,kko.Symbolic,9,Symbolic,#A51F97
kko.OrganicMatter,kko.Manifestations,9,Manifestations,#E66D5A
kko.Symbolic,kko.Manifestations,9,Manifestations,#E66D5A
kko.NaturalMatter,kko.Manifestations,9,Manifestations,#E66D5A
DiseaseType,kko.Diseases,9,Diseases,#BA3487
PhysiologicalCondition,kko.Diseases,9,Diseases,#BA3487
HealthState,kko.Diseases,9,Diseases,#BA3487
OrganismTypeByAilment,kko.Diseases,9,Diseases,#BA3487
BLOTypeByGenericHealthStatus,kko.Diseases,9,Diseases,#BA3487
BacterialBioAgentType,kko.Diseases,9,Diseases,#BA3487
Neoplasm,kko.Diseases,9,Diseases,#BA3487
PlantDisease,kko.Diseases,9,Diseases,#BA3487
Injured,kko.Diseases,9,Diseases,#BA3487
ProductType,kko.Products,9,Products,#7300A8
AppliedTechnology,kko.Products,9,Products,#7300A8
Goods,kko.Products,9,Products,#7300A8
Artifact,kko.Artifacts,9,Artifacts,#8405A6
GeographicalAgent,kko.Agents,9,Agents,#B62F8B
FormerAgent,kko.Agents,9,Agents,#B62F8B
Agent_Generic,kko.Agents,9,Agents,#B62F8B
FictionalThing,kko.Symbolic,9,Symbolic,#A51F97
MathematicalOrComputationalThing,kko.Symbolic,9,Symbolic,#A51F97
Thinking,kko.Symbolic,9,Symbolic,#A51F97
ObjectTypes,kko.Manifestations,9,Manifestations,#E66D5A
Matter,kko.Manifestations,9,Manifestations,#E66D5A
ManifestationProcess,kko.Manifestations,9,Manifestations,#E66D5A
kko.Plants,kko.Eukaryotes,10,Eukaryotes,#C8447A
kko.Animals,kko.Eukaryotes,10,Eukaryotes,#C8447A
kko.ProtistsFungus,kko.Eukaryotes,10,Eukaryotes,#C8447A
kko.Concepts,kko.ConceptualSystems,10,ConceptualSystems,#5101A2
kko.LearningProcesses,kko.ConceptualSystems,10,ConceptualSystems,#5101A2
kko.TopicsCategories,kko.ConceptualSystems,10,ConceptualSystems,#5101A2
kko.Diseases,kko.LivingThings,10,LivingThings,#CF4B74
kko.Eukaryotes,kko.LivingThings,10,LivingThings,#CF4B74
kko.Prokaryotes,kko.LivingThings,10,LivingThings,#CF4B74
Eukaryota,kko.Eukaryotes,10,Eukaryotes,#C8447A
Female,kko.Eukaryotes,10,Eukaryotes,#C8447A
Male,kko.Eukaryotes,10,Eukaryotes,#C8447A
OrganismByPloidy,kko.Eukaryotes,10,Eukaryotes,#C8447A
Technology,kko.ConceptualSystems,10,ConceptualSystems,#5101A2
Plan,kko.ConceptualSystems,10,ConceptualSystems,#5101A2
Mythology,kko.ConceptualSystems,10,ConceptualSystems,#5101A2
IndividualIntelligence,kko.ConceptualSystems,10,ConceptualSystems,#5101A2
OrganismTypes,kko.LivingThings,10,LivingThings,#CF4B74
Life,kko.LivingThings,10,LivingThings,#CF4B74
BiologicalAgentType,kko.LivingThings,10,LivingThings,#CF4B74
Prion,kko.LivingThings,10,LivingThings,#CF4B74
kko.KnowledgeDomains,kko.Methodeutic,11,Methodeutic,#250591
kko.InquiryMethods,kko.Methodeutic,11,Methodeutic,#250591
kko.EmergentKnowledge,kko.Methodeutic,11,Methodeutic,#250591
kko.LocationPlace,kko.Places,11,Places,#FCCC25
kko.AreaRegion,kko.Places,11,Places,#FCCC25
Contraband,kko.TopicsCategories,11,TopicsCategories,#45039E
Actions_Topic,kko.TopicsCategories,11,TopicsCategories,#45039E
NaturalWorld_Topic,kko.TopicsCategories,11,TopicsCategories,#45039E
Agents_Topic,kko.TopicsCategories,11,TopicsCategories,#45039E
HumanActivities_Topic,kko.TopicsCategories,11,TopicsCategories,#45039E
Energy_Topic,kko.TopicsCategories,11,TopicsCategories,#45039E
HumanBeings_Topic,kko.TopicsCategories,11,TopicsCategories,#45039E
ApplicationSpecific_Topic,kko.TopicsCategories,11,TopicsCategories,#45039E
PhysicalStuffAndObjects_Topic,kko.TopicsCategories,11,TopicsCategories,#45039E
Metaphysics,kko.TopicsCategories,11,TopicsCategories,#45039E
Movement_Topic,kko.TopicsCategories,11,TopicsCategories,#45039E
MethodType,kko.Methodeutic,11,Methodeutic,#250591
Heuristics,kko.Methodeutic,11,Methodeutic,#250591
Hypothesis,kko.Methodeutic,11,Methodeutic,#250591
Intuition_Knowledge,kko.Methodeutic,11,Methodeutic,#250591
MethodEngineering,kko.Methodeutic,11,Methodeutic,#250591
GeographicalThing,kko.Places,11,Places,#FCCC25
HumanlyOccupiedSpatialObject,kko.Places,11,Places,#FCCC25
Place_Informational,kko.Places,11,Places,#FCCC25
Place_Generic,kko.Places,11,Places,#FCCC25
AfterlifePlace,kko.Places,11,Places,#FCCC25
Barrier_Underspecified,kko.Places,11,Places,#FCCC25
Epicenter,kko.Places,11,Places,#FCCC25
Evaluating,kko.InquiryMethods,12,InquiryMethods,#1F058E
InformationGathering,kko.InquiryMethods,12,InquiryMethods,#1F058E
AbductiveInferenceProcess,kko.InquiryMethods,12,InquiryMethods,#1F058E
Thinking,kko.InquiryMethods,12,InquiryMethods,#1F058E
LearningMethod,kko.InquiryMethods,12,InquiryMethods,#1F058E
ScientificMethod,kko.InquiryMethods,12,InquiryMethods,#1F058E
Simulation_Activity,kko.InquiryMethods,12,InquiryMethods,#1F058E
FirstOrderMethod,kko.InquiryMethods,12,InquiryMethods,#1F058E
MethodsOfProof,kko.InquiryMethods,12,InquiryMethods,#1F058E
MonteCarloMethod,kko.InquiryMethods,12,InquiryMethods,#1F058E
PhenomenologicalMethodology,kko.InquiryMethods,12,InquiryMethods,#1F058E
RevealingInformation,kko.InquiryMethods,12,InquiryMethods,#1F058E
EarthPhenomena,kko.NaturalPhenomena,12,NaturalPhenomena,#F2F126
WeatherPhenomena,kko.NaturalPhenomena,12,NaturalPhenomena,#F2F126
WavePropagation,kko.NaturalPhenomena,12,NaturalPhenomena,#F2F126
Force,kko.NaturalPhenomena,12,NaturalPhenomena,#F2F126
ThermodynamicSystem,kko.NaturalPhenomena,12,NaturalPhenomena,#F2F126
CombustionReaction,kko.NaturalPhenomena,12,NaturalPhenomena,#F2F126
EnergyPhenomena,kko.NaturalPhenomena,12,NaturalPhenomena,#F2F126
ThermodynamicProcess,kko.NaturalPhenomena,12,NaturalPhenomena,#F2F126
PhysicalField,kko.NaturalPhenomena,12,NaturalPhenomena,#F2F126
ElectricalConduction,kko.NaturalPhenomena,12,NaturalPhenomena,#F2F126
Wave_Liquid,kko.NaturalPhenomena,12,NaturalPhenomena,#F2F126
Quantum,kko.NaturalPhenomena,12,NaturalPhenomena,#F2F126
kko.BiologicalProcesses,kko.OrganicChemistry,13,OrganicChemistry,#D6556D
TenderObject,kko.EconomicSystems,13,EconomicSystems,#2D0494
Assets_Economics,kko.EconomicSystems,13,EconomicSystems,#2D0494
EconomicAction,kko.EconomicSystems,13,EconomicSystems,#2D0494
Employment,kko.EconomicSystems,13,EconomicSystems,#2D0494
EconomicAgreement,kko.EconomicSystems,13,EconomicSystems,#2D0494
FinanceInstrumentProductContract,kko.EconomicSystems,13,EconomicSystems,#2D0494
MonetaryRate,kko.EconomicSystems,13,EconomicSystems,#2D0494
Tax_COC,kko.EconomicSystems,13,EconomicSystems,#2D0494
FinancialCondition,kko.EconomicSystems,13,EconomicSystems,#2D0494
Credit,kko.EconomicSystems,13,EconomicSystems,#2D0494
Interest,kko.EconomicSystems,13,EconomicSystems,#2D0494
Market,kko.EconomicSystems,13,EconomicSystems,#2D0494
Tariff,kko.EconomicSystems,13,EconomicSystems,#2D0494
ChemicalSubstanceType,kko.Chemistry,13,Chemistry,#DC5D66
ChemicalSpeciesType,kko.Chemistry,13,Chemistry,#DC5D66
ChemicalInteraction,kko.Chemistry,13,Chemistry,#DC5D66
ChemicallyBasicSubstance,kko.Chemistry,13,Chemistry,#DC5D66
NuclearChemistry,kko.Chemistry,13,Chemistry,#DC5D66
Oxide,kko.Chemistry,13,Chemistry,#DC5D66
PureSubstance,kko.Chemistry,13,Chemistry,#DC5D66
PhysicalChemistry,kko.Chemistry,13,Chemistry,#DC5D66
HalogenCompound,kko.Chemistry,13,Chemistry,#DC5D66
OrganometallicChemistry,kko.Chemistry,13,Chemistry,#DC5D66
ChemicalBond,kko.Chemistry,13,Chemistry,#DC5D66
Chemistry_Topic,kko.Chemistry,13,Chemistry,#DC5D66
ChemicallyNeutralSubstance,kko.Chemistry,13,Chemistry,#DC5D66
Monomer,kko.OrganicChemistry,13,OrganicChemistry,#D6556D
PolymerMolecule,kko.OrganicChemistry,13,OrganicChemistry,#D6556D
ChemicalGeneticIBT,kko.OrganicChemistry,13,OrganicChemistry,#D6556D
FunctionalGroup_Molecular,kko.OrganicChemistry,13,OrganicChemistry,#D6556D
BiochemicalCompoundType,kko.OrganicChemistry,13,OrganicChemistry,#D6556D
MioticSubstance,kko.OrganicChemistry,13,OrganicChemistry,#D6556D
BiochemicalSignalingObject,kko.OrganicChemistry,13,OrganicChemistry,#D6556D
BioorganicChemistry,kko.OrganicChemistry,13,OrganicChemistry,#D6556D
BiophysicalChemistry,kko.OrganicChemistry,13,OrganicChemistry,#D6556D
PolymerChemistry,kko.OrganicChemistry,13,OrganicChemistry,#D6556D
CarbohydrateStuff,kko.OrganicChemistry,13,OrganicChemistry,#D6556D
ArtificialIntelligence,kko.EmergentKnowledge,15,EmergentKnowledge,#0C0786
Evolution,kko.EmergentKnowledge,15,EmergentKnowledge,#0C0786
ComplexSystem,kko.EmergentKnowledge,15,EmergentKnowledge,#0C0786
Epistemology,kko.EmergentKnowledge,15,EmergentKnowledge,#0C0786
SystemsThinking,kko.EmergentKnowledge,15,EmergentKnowledge,#0C0786
Consciousness,kko.EmergentKnowledge,15,EmergentKnowledge,#0C0786
Emergentism,kko.EmergentKnowledge,15,EmergentKnowledge,#0C0786
Cosmogony,kko.EmergentKnowledge,15,EmergentKnowledge,#0C0786
SelfOrganization,kko.EmergentKnowledge,15,EmergentKnowledge,#0C0786
Emergence,kko.EmergentKnowledge,15,EmergentKnowledge,#0C0786
Epistemics,kko.EmergentKnowledge,15,EmergentKnowledge,#0C0786
Holism,kko.EmergentKnowledge,15,EmergentKnowledge,#0C0786
Irreducibility,kko.EmergentKnowledge,15,EmergentKnowledge,#0C0786
Noogenesis,kko.EmergentKnowledge,15,EmergentKnowledge,#0C0786
SystemsScience,kko.EmergentKnowledge,15,EmergentKnowledge,#0C0786
kko.StructuredInfo,kko.Information,16,Information,#A01B9B
kko.WrittenInfo,kko.Information,16,Information,#A01B9B
kko.AVInfo,kko.Information,16,Information,#A01B9B
MediaProduct,kko.Information,16,Information,#A01B9B
InformationStore,kko.Information,16,Information,#A01B9B
Communication,kko.Information,16,Information,#A01B9B
DynamicInfoSource,kko.Information,16,Information,#A01B9B
IconicInformation,kko.Information,16,Information,#A01B9B
InformationProcess,kko.Information,16,Information,#A01B9B
AbstractStructure,kko.Information,16,Information,#A01B9B
InformationAccessType,kko.Information,16,Information,#A01B9B
Information_Content,kko.Information,16,Information,#A01B9B
InformationSystem,kko.Information,16,Information,#A01B9B
AwardPractice,kko.Society,17,Society,#330497
Politics,kko.Society,17,Society,#330497
Heritage,kko.Society,17,Society,#330497
Communication,kko.Society,17,Society,#330497
Peoples,kko.Society,17,Society,#330497
Socioeconomics,kko.Society,17,Society,#330497
BeliefSystem,kko.Society,17,Society,#330497
Issue,kko.Society,17,Society,#330497
CodeOfConduct,kko.Society,17,Society,#330497
Assignment_Obligation,kko.Society,17,Society,#330497
Culture,kko.Society,17,Society,#330497
GovernmentProgram,kko.Society,17,Society,#330497
CivilUnrest,kko.Society,17,Society,#330497
EqualityRight,kko.Society,17,Society,#330497
InterpersonalRelationship,kko.Society,17,Society,#330497
PublicSphere,kko.Society,17,Society,#330497
SocialEnvironment,kko.Society,17,Society,#330497
TemporalThing,kko.Concepts,18,Concepts,#4C02A1
Resource,kko.Concepts,18,Concepts,#4C02A1
UnitOfMeasureConcept,kko.Concepts,18,Concepts,#4C02A1
StuffType,kko.Concepts,18,Concepts,#4C02A1
ArrangementOfLikeObjects,kko.Concepts,18,Concepts,#4C02A1
Alternative,kko.Concepts,18,Concepts,#4C02A1
HumanArtifactConcept,kko.Concepts,18,Concepts,#4C02A1
MilitaryOrganizationConcept,kko.Concepts,18,Concepts,#4C02A1
Topology,kko.Concepts,18,Concepts,#4C02A1
EnergyStuff,kko.Concepts,18,Concepts,#4C02A1
DangerousThing,kko.Concepts,18,Concepts,#4C02A1
EventOrRoleConcept,kko.Concepts,18,Concepts,#4C02A1
GenderConcept,kko.Concepts,18,Concepts,#4C02A1
IndustrialConcept,kko.Concepts,18,Concepts,#4C02A1
Meme,kko.Concepts,18,Concepts,#4C02A1
Principles,kko.Concepts,18,Concepts,#4C02A1
SurfaceGeometryConcept,kko.Concepts,18,Concepts,#4C02A1
TerrainConcept,kko.Concepts,18,Concepts,#4C02A1
SubscriberService,kko.TertiarySectorService,21,TertiarySectorService,#6200A6
HealthcareService,kko.TertiarySectorService,21,TertiarySectorService,#6200A6
EducationTrainingService,kko.TertiarySectorService,21,TertiarySectorService,#6200A6
EngineeringRDService,kko.TertiarySectorService,21,TertiarySectorService,#6200A6
FinancialInsuranceService,kko.TertiarySectorService,21,TertiarySectorService,#6200A6
BuildingConstructionService,kko.TertiarySectorService,21,TertiarySectorService,#6200A6
Management,kko.TertiarySectorService,21,TertiarySectorService,#6200A6
PoliticsCivicAffairsService,kko.TertiarySectorService,21,TertiarySectorService,#6200A6
EditorialDesignService,kko.TertiarySectorService,21,TertiarySectorService,#6200A6
TransportationLogisticsService,kko.TertiarySectorService,21,TertiarySectorService,#6200A6
EnvironmentalService,kko.TertiarySectorService,21,TertiarySectorService,#6200A6
TravelAccommodationService,kko.TertiarySectorService,21,TertiarySectorService,#6200A6
FarmingNaturalResourcesService,kko.TertiarySectorService,21,TertiarySectorService,#6200A6
DefenseSecurityService,kko.TertiarySectorService,21,TertiarySectorService,#6200A6
MiningPetroleumService,kko.TertiarySectorService,21,TertiarySectorService,#6200A6
IndustrialManufacturingService,kko.TertiarySectorService,21,TertiarySectorService,#6200A6
RetailService,kko.TertiarySectorService,21,TertiarySectorService,#6200A6
PublicUtilityService,kko.TertiarySectorService,21,TertiarySectorService,#6200A6
IndustrialCleaningService,kko.TertiarySectorService,21,TertiarySectorService,#6200A6
PersonalDomesticService,kko.TertiarySectorService,21,TertiarySectorService,#6200A6
ServicesEconomics,kko.TertiarySectorService,21,TertiarySectorService,#6200A6
ElectronicComponent,kko.SecondarySectorProduct,31,SecondarySectorProduct,#6800A7
PublishedMaterial,kko.SecondarySectorProduct,31,SecondarySectorProduct,#6800A7
TransportationProduct,kko.SecondarySectorProduct,31,SecondarySectorProduct,#6800A7
FoodBeverageTobaccoProduct,kko.SecondarySectorProduct,31,SecondarySectorProduct,#6800A7
PersonalCareLuggageApparelProduct,kko.SecondarySectorProduct,31,SecondarySectorProduct,#6800A7
DomesticConsumerProduct,kko.SecondarySectorProduct,31,SecondarySectorProduct,#6800A7
PharmaceuticalProduct,kko.SecondarySectorProduct,31,SecondarySectorProduct,#6800A7
ITBroadcastingProduct,kko.SecondarySectorProduct,31,SecondarySectorProduct,#6800A7
LaboratoryScientificProduct,kko.SecondarySectorProduct,31,SecondarySectorProduct,#6800A7
PowerGenerationDistributionProduct,kko.SecondarySectorProduct,31,SecondarySectorProduct,#6800A7
MusicGamesToysArtsSuppliesProduct,kko.SecondarySectorProduct,31,SecondarySectorProduct,#6800A7
ManufacturingSupplyProduct,kko.SecondarySectorProduct,31,SecondarySectorProduct,#6800A7
CleaningProduct,kko.SecondarySectorProduct,31,SecondarySectorProduct,#6800A7
Furniture,kko.SecondarySectorProduct,31,SecondarySectorProduct,#6800A7
LawEnforcementSafetyProduct,kko.SecondarySectorProduct,31,SecondarySectorProduct,#6800A7
MedicalEquipment,kko.SecondarySectorProduct,31,SecondarySectorProduct,#6800A7
BuildingMaterial,kko.SecondarySectorProduct,31,SecondarySectorProduct,#6800A7
IndustrialMachineryProcessingProduct,kko.SecondarySectorProduct,31,SecondarySectorProduct,#6800A7
BuildingConstructionMachineryProduct,kko.SecondarySectorProduct,31,SecondarySectorProduct,#6800A7
MaterialHandling,kko.SecondarySectorProduct,31,SecondarySectorProduct,#6800A7
PlantAnimalProduct,kko.SecondarySectorProduct,31,SecondarySectorProduct,#6800A7
HeatingVentilatingAndAirConditioning,kko.SecondarySectorProduct,31,SecondarySectorProduct,#6800A7
ToolsGeneralMachineryProduct,kko.SecondarySectorProduct,31,SecondarySectorProduct,#6800A7
ElectricalLightingProduct,kko.SecondarySectorProduct,31,SecondarySectorProduct,#6800A7
SportsRecreationalProduct,kko.SecondarySectorProduct,31,SecondarySectorProduct,#6800A7
Antique,kko.SecondarySectorProduct,31,SecondarySectorProduct,#6800A7
PrintingPhotographAVEquipmentProducts,kko.SecondarySectorProduct,31,SecondarySectorProduct,#6800A7
OfficeEquipmentSupplyProduct,kko.SecondarySectorProduct,31,SecondarySectorProduct,#6800A7
ServiceIndustryMachinerySupplyProduct,kko.SecondarySectorProduct,31,SecondarySectorProduct,#6800A7
ChildrensProductMarketCategory,kko.SecondarySectorProduct,31,SecondarySectorProduct,#6800A7
TimepiecesJewelryProduct,kko.SecondarySectorProduct,31,SecondarySectorProduct,#6800A7
